client_id,Conso moyenne (kWh/j),Volatilité (écart-type),Tendance linéaire (slope),Variation journalière moy,Ratio 1ère/2ème période,Amplitude max-min,Coefficient de variation,Jours très faible conso (<0.5 kWh),Ratio Weekend/Weekday,Volatilité Weekend vs Weekday,Autocorrélation temporelle (lag-1),Instabilité directionnelle,score_IF,label_IF
AGR_CEN_0040,0.24140220451379696,-0.2686552826417175,0.7805527489649527,0.4164258048583495,-0.4227819762584669,0.08926729544734634,-0.8920471738391416,-0.11396057645963784,0.07883063551415916,1.4600181670583412,-0.9589777512454962,1.4184495128442585,0.0625746521969871,1
AGR_CEN_0185,-0.6022579784356464,-0.6047341637280912,0.01104041707696748,0.508883254638678,-0.5169924028351756,-0.6162694644875857,-0.31998619887194224,-0.11396057645963784,0.08295632299490574,1.0207931869811808,-0.44575111981850996,0.06324297191025381,0.14959291028400612,1
AGR_CEN_0225,0.12660052798370552,-0.17729604064729737,-1.4413218357153872,0.3761060147285824,1.7563954297873023,0.008808801210221444,-0.48518957853203315,-0.11396057645963784,-0.08865548664450142,2.5395780680863598,-1.4030472197827086,-0.8402280553790826,0.0050528399690273895,1
AGR_CEN_0243,-0.17201306637539643,-0.37168732822666983,-1.0130598925164445,0.15608509100321438,1.7745390397705088,-0.29443548753908644,-0.532319222572799,-0.11396057645963784,0.5416034691255439,0.6001833407574625,-1.69394038215637,1.8701850264889266,0.026385615860431755,1
AGR_CEN_0245,0.1295337355044592,-0.13632604015290417,0.940460483994306,0.6840657910645632,-0.80693313462392,0.23014227633184248,-0.3758951345538548,-0.11396057645963784,-0.609768412389705,-0.2760386461764263,-0.07459133018392061,0.9667139991995902,0.06907775031656005,1
AGR_EST_0039,-0.39350653626557414,-0.35940568274947604,-1.0452933216376903,0.4365856999232331,2.436350097810616,-0.34090970803706466,0.2725794561911359,-0.11396057645963784,-0.8543288989568951,1.1567202113126709,-1.7013117975330656,1.4184495128442585,0.04906227815988279,1
AGR_EST_0079,-0.6639569821766479,-0.6320732337466405,-0.40254502860719066,0.5419037724173666,0.6963490939862089,-0.6856903313564406,-0.1590306605113876,-0.11396057645963784,0.22985577913149213,1.5802007949943295,-3.4946582211046966,1.8701850264889266,0.032541995267874324,1
AGR_EST_0121,-0.11569402989399492,-0.3180004012509134,-0.1886946187698981,0.8053727458515352,0.33711091565455215,-0.16082210360739907,-0.4586610910140087,-0.11396057645963784,-0.12312122312013477,0.9353530757325123,-3.3509522466621102,1.4184495128442585,0.058769352468593106,1
AGR_EST_0132,-0.631916772302673,-0.6171669001274652,-0.10154590073183055,0.47864341204135247,0.15136108173859808,-0.6299212667588667,-0.2440787077401538,-0.11396057645963784,-0.1295418921364664,1.2295073300857189,-1.0102416855225091,0.06324297191025381,0.1508394543410097,1
AGR_EST_0162,-0.6184414427023788,-0.5698074474190105,-0.20898235152822237,0.43867120630925566,-0.9337989826923929,-0.4995029854864154,0.1299436607532631,-0.11396057645963784,-0.5756990435394692,4.529566928880028,1.2451671610023065,-0.8402280553790826,0.025942810775366976,1
AGR_EST_0203,-0.571306830759971,-0.6190480024170647,-0.539346943844796,0.6420080789464438,1.6030329513261734,-0.6461872439331592,-0.6168193111971352,-0.11396057645963784,-0.5293947291471272,-0.1193805501134305,-2.921652339706931,2.3219205401335947,0.062288817452324285,1
AGR_NOR_0013,-0.16112970480705543,-0.23398675307650604,-0.4647424539289665,0.6350563909930358,0.7419869090244366,0.18482991134631405,-0.02497989168326528,-0.11396057645963784,-0.2831733111169246,0.41781814890114005,-0.9175015856129758,0.9667139991995902,0.1041367434744232,1
AGR_NOR_0072,0.01899392237704714,-0.24624425466574806,-0.254495704059197,1.0521576681975244,-0.11902575723281193,-0.03563217214097016,-0.4952610541419713,-0.11396057645963784,-0.37341337755422044,-0.2230856233582719,-0.7513650379630515,0.514978485554922,0.10397436123001924,1
AGR_NOR_0160,-0.04445484129588882,-0.3214833870710561,0.30683980029330354,0.4303291807651657,-0.502264991814634,-0.16343627851041034,-0.6181416157950222,-0.11396057645963784,0.6420242487965638,-0.1897778607429674,-1.84660959707912,1.4184495128442585,0.08253204856328328,1
AGR_NOR_0169,0.15741372778092994,-0.15000070754237899,1.3258151816976171,1.492894684443601,-1.2850182919508588,-0.03621309989719488,-0.4621586539400365,-0.11396057645963784,-0.02942783222923105,0.8825194168465919,0.5441996953649779,1.4184495128442585,0.023642083653265533,1
AGR_NOR_0173,0.17116495313812632,-0.1642931694606259,0.1378543335810577,0.2926857592876844,-1.067151353405846,0.11076162242766112,-0.5233227289233218,-0.11396057645963784,-0.6647643637974556,2.456484860039125,-1.8417171571570385,1.8701850264889266,0.013307206116263015,1
AGR_NOR_0258,-0.5916359917948975,-0.5752282611080157,-0.3128774894153542,0.4292864275721546,0.5987304498340716,-0.5921609626042595,-0.1177473255970461,-0.11396057645963784,-0.6057898626717909,1.2750820736827668,-0.8860158995637742,0.514978485554922,0.1492447141255303,1
AGR_NOR_0283,-0.027247658562754754,-0.37062835286923634,-1.2206132494693194,0.24923770957888353,1.5925349348169526,-0.2985019818326594,-0.8113854968138992,-0.11396057645963784,-0.14514387886874952,1.7454932090470388,-0.8519744989260347,0.514978485554922,0.06702198520938624,1
AGR_OUE_0008,-0.1529109154172211,-0.3692697264715871,-0.0967202384223856,0.9489251020894135,-0.12192915934642698,-0.29211177651418757,-0.566507872585483,-0.11396057645963784,-0.4463776503119716,1.6005569567053777,-1.5056997012705222,0.514978485554922,0.11408943318133286,1
AGR_OUE_0055,-0.20922995189862229,-0.46827470310956726,0.42334151336094017,0.5102735922293595,-1.5180230404635184,-0.3952264532440768,-0.8398175630772847,-0.11396057645963784,-0.5072249426893958,1.2291109834134177,-2.098050688264666,1.8701850264889266,0.07482488756054922,1
AGR_OUE_0089,-0.6218393167610737,-0.577071167087376,-0.6746151214491664,0.46821588011124027,0.868014007727566,-0.537553753519135,0.08544421740511651,-0.11396057645963784,-0.6827756072007254,1.030408788052066,0.8244456693167982,0.06324297191025381,0.1308584443836563,1
AGR_OUE_0124,0.2663489892695137,-0.17084615637090358,0.4529813048584972,0.8964398580411821,-0.5109620634753177,-0.10563396676604987,-0.6797918472800025,-0.11396057645963784,-0.10000904019397885,0.5963017820062692,-2.4083685489194764,1.4184495128442585,0.05571275341155374,1
AGR_OUE_0130,-0.2920059393840492,-0.489084120258367,-0.3184513164239442,0.5047122418666331,0.056102361968058914,-0.4222395939085266,-0.747801249272603,-0.11396057645963784,0.47495492471518347,1.539134625127653,-1.3247392638429094,1.4184495128442585,0.11436828263724647,1
AGR_OUE_0157,0.04277904078791124,0.00223976415410804,1.136217777524081,1.1015146526667223,-0.9168283177341011,0.13341780492042554,0.21680044783285055,-0.11396057645963784,-0.11748588932787654,2.3375989136284825,-3.2945404883951324,2.3219205401335947,-0.062061106468485505,-1
AGR_OUE_0164,-0.10354735617562667,-0.24338816482620637,0.47117417645923615,1.271135838729881,-0.5667545223149569,-0.2572561111407039,-0.21773185940066617,-0.11396057645963784,-0.1681560714186303,1.4691042126826241,0.030792279927264327,-0.3884925417344144,0.08032226463349029,1
AGR_OUE_0165,-0.5581291781605456,-0.5784260297709408,0.07079383771488498,0.6830230378715519,-0.3756263396965939,-0.5634050386711354,-0.34570499095715174,-0.11396057645963784,0.005892478454663995,1.3523262348775384,0.5902812718131931,-0.3884925417344144,0.141848120460486,1
AGR_OUE_0190,-0.27097251812755574,-0.35261770474257986,-0.8227267930554258,0.8766275473739689,1.4098254867594975,-0.23285714537926536,-0.17971179200066878,-0.11396057645963784,0.04188127340593512,0.24132686655260144,0.3001643298518,0.06324297191025381,0.10164788272864367,1
AGR_OUE_0210,-0.035226854268963576,-0.20436594856905915,-0.8542245268891901,-0.37954246580688306,0.3043030334384158,0.21649047406056182,-0.24747257171164544,-0.11396057645963784,0.04646656385896397,0.2564661041258599,0.7575328760330357,2.3219205401335947,0.03639770048048713,1
AGR_OUE_0215,-0.5120255450991947,-0.5794556401277775,-0.5941749468800489,0.1557375066055441,-0.1964298778402972,-0.5268065900289777,-0.5729185385222156,-0.11396057645963784,-0.3235448413271392,1.0170693543642437,0.3090454336125066,2.3219205401335947,0.09378867826807485,1
AGR_OUE_0254,-0.6740126564742811,-0.6749071692872106,-0.4563754787102562,0.5512885511544677,1.5236270117293322,-0.7092179054835421,-0.5898572578930866,-0.11396057645963784,-0.2286052592615637,1.0496110809675676,-2.53068163410097,1.4184495128442585,0.08630073747972633,1
AGR_SUD_0056,-0.40498525183565226,-0.4734760333578317,-0.6891295166124675,0.5804856405587818,0.17209721837352546,-0.4239823771772008,-0.32236245219861337,-0.11396057645963784,-0.41469852829844367,0.08178758116474949,-1.3399185390119688,0.9667139991995902,0.13802382982383038,1
AGR_SUD_0067,-0.29387186595046916,-0.37760557982986065,-0.37923969822900855,0.49150403475515764,1.1773971628127904,-0.179992719562815,-0.22007286246646518,-0.11396057645963784,-0.20204405985464796,1.4739209052226763,-0.9561151334869521,0.06324297191025381,0.1244527598157345,1
AGR_SUD_0084,-0.6156461830600766,-0.5857351245405644,-0.32381316343444055,0.5273052277152096,0.9985387052985477,-0.6034890538506418,-0.0476992888259273,-0.11396057645963784,-0.4796335632217165,2.5119710917699383,-0.6863620586712885,0.9667139991995902,0.10245378953569967,1
AGR_SUD_0146,-0.09362962975644486,-0.3505106672370261,0.0554689307941839,0.7998113954888089,-0.16443336761716995,-0.16401720626663496,-0.622537538892346,-0.11396057645963784,0.3671599977246491,0.19615817338682226,-2.248675422456488,0.9667139991995902,0.09369677021827905,1
AGR_SUD_0222,-0.20320380773469773,-0.24759220050038988,-0.10910236419314027,0.577357380979748,-0.5195139299038911,-0.07252108466124048,0.05175455884572376,-0.11396057645963784,-0.43273593800623833,-0.5361535483112637,-0.9954303065540535,1.4184495128442585,0.11305153448646865,1
AGR_SUD_0292,0.01169720564843994,-0.3203584551432325,-0.4556896610693819,0.407388610518919,-0.14321285603554962,0.07503456541984045,-0.7143856031703458,-0.11396057645963784,-0.7063493812335285,2.7268463819416904,-0.2327383222087616,0.514978485554922,0.06236950918443562,1
AGR_SUD_0296,-0.07443309340774988,-0.34805972802930957,0.22846954805847414,0.49602263192487306,-0.7618674026935067,-0.16750277280398335,-0.651549306322946,-0.11396057645963784,-0.030932654210252663,2.75700119248232,0.1899340081373538,0.514978485554922,0.07323204555423973,1
COM_CEN_0023,0.359318598931025,2.1825794142178485,1.9133364505199861,0.12897350798492285,2.2356556571467556,2.461776251869135,4.585453609047476,10.142491304907768,6.199807185062988,-0.7348006043442756,1.4683019880375592,-1.2919635690237508,-0.17839185362419896,-1
COM_CEN_0045,1.1902440145750182,1.5963905039075361,0.48930470100170037,-1.7017535145451121,0.8607143034884255,1.5290967392503343,1.0702210365559555,-0.11396057645963784,1.1896830492513135,-1.325998029994094,-0.5402604758078345,1.4184495128442585,0.030071888917194756,1
COM_CEN_0102,-0.17952033512900856,0.030049106292093838,0.7001125743958352,-0.1435326597886767,-0.6178514206836028,-0.05974067402429643,1.0773634336184272,-0.11396057645963784,1.5988772347974154,-1.0176672125839334,1.193548599700119,-0.3884925417344144,0.0756940591531915,1
COM_CEN_0141,0.5386072784297646,0.9499394759662254,-1.0625883955994726,-1.0785346895220722,1.882519955167557,1.063773606514327,1.2697684539673626,-0.11396057645963784,1.1742334364258582,-1.0956708790898384,0.6727724533191834,-0.3884925417344144,0.06823942619466805,1
COM_CEN_0171,0.791429437557695,1.1954098104491433,-0.3169923952606305,-1.2491986287782428,1.6624381745812653,1.2185908535482175,1.165131444220828,-0.11396057645963784,1.8348074187168084,-0.5236106244923038,0.9616874940624812,-1.2919635690237508,0.058009674472637385,1
COM_CEN_0175,-0.007136309967488364,0.2556361464557069,0.42450116864459947,-0.4174291651529578,0.5513587640912199,0.24815103677480937,1.1666436527220267,-0.11396057645963784,1.6586909356801467,-0.708761211682544,1.054626913354169,0.514978485554922,0.0935157757813952,1
COM_CEN_0205,-0.31144206941636976,-0.12219142773056244,0.23250963743382497,-0.09209016893345631,0.4054801793966616,-0.1352612823335111,1.0730679427077343,-0.11396057645963784,0.7238809060098098,-1.1650060954762151,-0.049852307300432934,-0.3884925417344144,0.09998873567894018,1
COM_CEN_0207,0.6764970735638081,0.9779691713644562,-0.13693409100112566,-1.250936550766594,1.3023477649978261,0.9234795533860553,1.0148102581317369,-0.11396057645963784,1.0924622670416022,-1.1369082167839442,0.5786262358991603,-0.3884925417344144,0.10458407980396478,1
COM_CEN_0218,0.3729318764097703,0.6195691426654423,1.061239205258676,-0.49389773264044734,0.3720360675492562,0.4802316753865882,0.9771532717142204,-0.11396057645963784,1.5193502706429125,-1.3604031501615874,1.1074601558449066,0.514978485554922,0.07901214011273683,1
COM_CEN_0219,0.9021217193928688,1.2617573292454969,1.8780480155439114,-1.031958380234238,0.3689914619892683,1.2389233250160825,1.0625531262539059,-0.11396057645963784,1.3102335880838398,-0.9891028350149493,0.8576879854483446,-0.3884925417344144,0.08254173556763217,1
COM_CEN_0220,1.1523809521474673,1.615529950879971,1.9564182677787425,-2.190109593272035,-0.12152373779789992,1.6110075528780212,1.1582688677701012,-0.11396057645963784,1.1060502078106025,-0.7909417836735548,0.0035940114262514827,1.4184495128442585,0.02085377652160081,1
COM_CEN_0234,1.1586975128976056,1.6964731694527995,0.7182805071732586,-1.156393594600243,0.5524718778905073,1.7303882067822027,1.261549892988466,-0.11396057645963784,1.3391953640849774,-0.9550307136973214,0.7064053330584411,-1.2919635690237508,0.07205054921970472,1
COM_CEN_0280,1.236630803807926,1.6607579075940757,0.2627728995139898,-2.0316111079343298,0.5667970131979619,1.7147031573641345,1.0854692658119431,-0.11396057645963784,1.2010522107915447,-0.9282155067828495,-0.042751378220997345,1.4184495128442585,0.04291897587340321,1
COM_CEN_0288,1.1170372536053168,1.5568564028105085,0.457919191872809,-1.454621007801453,1.555234301266243,1.5343250890563571,1.1336933968476937,-0.11396057645963784,1.640929089311325,-0.595892509279416,0.908633699778812,-0.3884925417344144,0.0634037095578428,1
COM_EST_0004,1.222531078547274,1.6476985915140145,0.7500525680633657,-1.8112425998112913,0.4435394377534526,1.7338737733195513,1.0897706866076087,-0.11396057645963784,1.394239672602182,-0.7959479083015822,0.5600603874156252,0.514978485554922,0.06735352337122635,1
COM_EST_0024,0.6080749258519702,1.023519942295997,1.424884657275293,-0.8616420253757381,-0.05684059543984553,0.9545591883440785,1.2492861607527035,-0.11396057645963784,1.4246272492035057,-0.5027271281332187,0.9328261803529283,-2.1954345963130875,0.04131693254286184,1
COM_EST_0042,1.1542250974699217,1.630213011960361,0.030891720427450437,-1.532132328481953,0.9393182233707285,2.1053770734252644,1.1758892803195409,-0.11396057645963784,1.424364077549544,-0.7106841522323081,0.614400004454135,-0.3884925417344144,0.06382599403690886,1
COM_EST_0046,0.5864461505937395,0.9930211229232824,0.47430399878396334,-0.8487814026619331,0.8719194707701093,1.0431506711683494,1.24073338594658,-0.11396057645963784,1.6172054914107414,-1.3050187152059947,0.44939842699244964,-1.2919635690237508,0.08368601998731973,1
COM_EST_0085,-0.004587904423466989,0.24554283020671336,-0.9137784369406712,-0.5568105086187907,1.8336513524207267,0.1900582611523366,1.1247276288879196,-0.11396057645963784,1.4175534660941207,-0.8804215941067226,0.6690954551747956,0.514978485554922,0.0662876654657873,1
COM_EST_0112,0.48937440665196624,0.8825734737164174,0.12920056189435097,-0.6871546577451937,1.5344222382536097,0.8401164203678071,1.253940521208148,-0.11396057645963784,1.7504760124863232,-0.858196436768654,0.8554311810521243,-0.3884925417344144,0.0871495581050103,1
COM_EST_0123,0.14495485623238186,0.41819253781755594,0.4538042860275463,-0.7559763684839347,0.4925501772080227,0.3843785956095082,1.1210170256506777,-0.11396057645963784,1.3042043908452639,-0.9067964379460929,0.8616441366173839,-0.3884925417344144,0.11081892638594643,1
COM_EST_0152,-0.2368122671742241,0.057305466997677315,-0.022028462624990273,-0.17724834636270623,1.06037822371813,0.05412116619575028,1.4770026237322058,-0.11396057645963784,1.5374437262156555,-1.0874310642020002,0.7479579412234928,-2.1954345963130875,0.06466525954912417,1
COM_EST_0204,-0.21638146033412314,0.0478975107009775,0.021564600511529135,-0.3809328033975649,0.5859959598721073,0.1023381699624026,1.3282634498477761,-0.11396057645963784,1.9590813869013652,-0.3285417210985485,0.9749374625821958,-0.3884925417344144,0.08663577229571007,1
COM_EST_0233,-0.09180000526330126,0.10186673644063278,-0.19576477517676932,-0.3781521282162018,0.8265719922419585,0.03698379738712071,0.9753267622122257,-0.11396057645963784,1.3094562340867357,-1.1553373359787904,0.8672547010987406,-1.2919635690237508,0.10687413767440024,1
COM_EST_0263,0.588987295723105,1.0016657174081387,0.3610318633342804,-1.015969497941399,0.6125939868905259,1.0817823669572937,1.2515553661868393,-0.11396057645963784,1.5627624827781357,-1.0662984504140125,0.8443226745942193,-2.1954345963130875,0.06099343553203296,1
COM_NOR_0009,0.39469859954645214,3.0082173488777775,1.6941117242605455,0.43310985594652773,0.9481388965023116,2.6017798411192947,6.237066124082469,-0.11396057645963784,1.952062262551728,1.4695298391942697,-1.6606101792424033,-0.3884925417344144,-0.11674804994643873,-1
COM_NOR_0135,-0.040570519455286946,0.17081901954163642,0.3671044668089688,-0.455663448896702,0.6589678441327097,0.1868631584931008,1.015227630891456,-0.11396057645963784,1.1265848102149074,-0.9632025107056025,0.32227731586858854,-1.2919635690237508,0.10661459087489672,1
COM_NOR_0136,0.5610637409587028,0.8733748031897547,1.117426374164025,-0.9370678396702166,-0.39136809526566024,0.9798295457398544,1.0648664141754487,-0.11396057645963784,1.518890343894987,-0.8402768572161574,1.0254306509956166,-0.3884925417344144,0.08169564082635983,1
COM_NOR_0139,-0.17377734713664172,0.06825317178389724,-0.6076169726412525,-0.21756813649247317,1.9478062807457968,0.02275106735961503,1.2016763923195286,-0.11396057645963784,1.7282002908246499,-0.6492810155459676,1.3546016104358913,-1.2919635690237508,0.05717019025011866,1
COM_NOR_0159,-0.23420577831296024,-0.020212931425004365,-0.005955391005147458,-0.3479122856188761,0.33355309167347985,-0.10447211125360044,1.1307840198187913,-0.11396057645963784,1.514398074565405,-0.9423891832206056,0.17104347175072632,-0.3884925417344144,0.10451223696468365,1
COM_NOR_0179,-0.02944030378866487,0.14049338004215678,-0.052852848229522284,-0.6402307640596888,0.97268550393827,0.1435840406543583,0.8741933140911833,-0.11396057645963784,1.1299326309515725,-1.2444535765369182,0.48813205411549404,-1.2919635690237508,0.0983080797613628,1
COM_NOR_0186,0.9853696338308926,1.4111011757848158,0.9543638779866355,-1.8018578210741893,0.5038160458929868,1.4480573172569846,1.145728754796407,-0.11396057645963784,1.0067821311343754,-0.9501160673296907,-0.35254104292811184,-0.3884925417344144,0.06785730212398339,1
COM_NOR_0228,0.8783220801526945,1.196252018413832,1.437104680694572,-1.213397435818191,0.4388443797809805,1.1628217889506436,1.000300462011155,-0.11396057645963784,1.7066970475676058,-1.517362054827829,0.8705044749474781,-0.3884925417344144,0.06998734815897695,1
COM_NOR_0230,0.7091398978541755,1.0430152491227556,1.1620543984676839,-1.009712978783332,0.05315551117649952,1.2961447090042182,1.0655678812834164,-0.11396057645963784,1.5830671977797761,-0.46552005207369684,0.8289281382083165,-0.3884925417344144,0.08312305921216517,1
COM_NOR_0256,0.6258847230014968,1.0209009452300488,1.3147922217969552,-0.671513359850025,-0.1698739420930712,0.8854287853533357,1.2037138948080024,-0.11396057645963784,1.4135479654006307,-1.3099922739038623,0.9612128378409714,0.514978485554922,0.077557204729919,1
COM_NOR_0282,0.7807784092583249,1.2632066602003962,-0.32403761284418836,-1.2752674586035235,1.2755805884466473,1.3167676443501963,1.3031479948722844,-0.11396057645963784,1.5996704804258268,-0.6191978730781263,0.5734378576205039,0.514978485554922,0.07790770874478081,1
COM_OUE_0000,0.9936973294405571,1.3935639881528952,1.1243094893961103,-1.5015449014869584,-0.08215072028595069,1.2903354314419713,1.1040818960017544,-0.11396057645963784,1.3466654494907055,-0.7628469486509439,0.736828469265124,-0.3884925417344144,0.0791533368724488,1
COM_OUE_0018,0.8212043980592065,1.2508075624526447,-0.018611843832257148,-1.8126329374019725,0.9109043538971304,1.1555601919978344,1.1992611796889583,-0.11396057645963784,1.312154529742605,-0.7371609194889609,0.07822910104525958,0.514978485554922,0.08018772424378451,1
COM_OUE_0032,-0.12896606788393997,0.11779862686453212,0.4628570788871367,-0.21930605848082538,0.21503146492825556,0.09972399505939163,1.1876670505808264,-0.11396057645963784,1.2683943090928453,-1.0647072638227448,0.6645136564771551,-0.3884925417344144,0.11432568299911211,1
COM_OUE_0051,0.36238249391557464,0.6487359934595895,0.7241785388848091,-0.7823927827068851,0.47187311547618516,0.5877033102881629,1.0704583564316117,-0.11396057645963784,1.339946334709204,-0.9796254238103852,0.5525391217762677,1.4184495128442585,0.08467838799174887,1
COM_OUE_0077,0.5669882393174529,1.038548439830822,-1.4582802355625446,-1.9669604099676328,1.699357565798074,1.1381323593110924,1.3762663452555541,-0.11396057645963784,1.951072290363596,-0.8736448141835318,0.8345692245011743,-0.3884925417344144,0.018474338168133153,1
COM_OUE_0103,0.6288469721808717,1.0991515874069222,0.8893109573964859,-0.9381105928632267,0.7900061516095506,0.9879625343270005,1.344723750899922,-0.11396057645963784,1.4760588709050708,-1.0091577875146267,0.9345107613788517,-1.2919635690237508,0.08671113725937846,1
COM_OUE_0116,0.6915333923149981,1.016729552666354,0.15531150989430628,-1.2662302642640928,0.8295812199527663,1.1976774543241269,1.0544018568309073,-0.11396057645963784,1.2990437845023837,-0.32896905112231867,0.5074674930381502,-0.3884925417344144,0.09037400840006804,1
COM_OUE_0198,-0.21508184611081896,-0.035507515191408316,0.1459968593900291,-0.053855885189711766,0.8039093689089273,-0.10476257513171285,0.9742655892958432,-0.11396057645963784,1.9062583475340191,-0.8332382031030879,0.9075018329501623,0.514978485554922,0.08987069104088502,1
COM_OUE_0272,-0.23432920536210108,0.022261306939711085,0.040318595636612276,-0.5856600136254344,0.45994508576055027,0.080262915225863,1.3132807235665562,-0.11396057645963784,1.3125701069325053,-0.9174391024214938,0.7397050808604358,-0.3884925417344144,0.11406446945567161,1
COM_OUE_0285,0.4551415515520812,0.8426948314406921,-0.6651633074167147,-0.9283782297284557,1.1524748929614534,0.9077945039679879,1.2570697946675258,-0.11396057645963784,0.9181343980805851,-1.1838971758189034,0.06639271117642781,-0.3884925417344144,0.07861762370516162,1
COM_SUD_0027,0.803009798932948,1.181299606155793,0.7668363961474011,-1.206445747864782,0.6724488743525512,1.3690511424104221,1.118083490895259,-0.11396057645963784,1.657551446997593,-0.7067350161693482,0.1926056078884712,-0.3884925417344144,0.08162967197646565,1
COM_SUD_0048,-0.2090920040201709,-0.023295163063252636,0.2413255114720154,-0.19601790383690806,0.1591382720006454,-0.08588242305440913,0.997190914111365,-0.11396057645963784,1.5389638111330255,-0.9440142888185684,0.7340972457216822,-1.2919635690237508,0.10075049918096457,1
COM_SUD_0092,0.021607671652966495,0.24337343132653913,0.18470191315882978,-0.45149243612465734,0.4879871093715235,0.22171882386658434,1.0231466083292204,-0.11396057645963784,1.6262465085953177,-0.9885581700971373,0.791550142899417,-1.2919635690237508,0.10363509970436152,1
COM_SUD_0110,-0.3365268020505378,0.11501475567382986,2.316410182181241,-0.47929918793828996,-4.355015143494078,0.14009847411701,2.4132875383523387,-0.11396057645963784,1.0848413672736195,0.6718851577276789,-0.6288615313005802,0.514978485554922,-0.028234766966266478,-1
COM_SUD_0140,1.044091867563208,1.453214145349292,-0.1209981829094582,-1.8522575587363983,0.5986026043062767,1.3736985644602198,1.1061208242460592,-0.11396057645963784,1.0892641179222358,-0.7945615033636753,0.06181251512798976,1.4184495128442585,0.06068088078979811,1
COM_SUD_0150,-0.12914757825032325,0.14463836424094362,-0.33006033867225704,-0.4184719183459684,1.8923589392297853,0.21939511284168528,1.288002367623633,-0.11396057645963784,1.6738553569439492,-0.32233674129718104,0.535904736736939,-1.2919635690237508,0.07329165438382029,1
COM_SUD_0176,0.5222350433819937,0.7917932567609843,-0.527962371006236,-1.295774938066077,1.330736437687656,0.829078792999537,0.9894558784649251,-0.11396057645963784,1.0147890974724858,-1.25548723190133,0.1900963837521101,0.514978485554922,0.07379043884285058,1
COM_SUD_0177,0.5177553675396547,0.9158189115034318,0.28151442522743275,-1.323234105482039,1.0375429207236577,0.9731488765432699,1.2518333541997742,-0.11396057645963784,1.25558233016351,-1.0441979153239915,0.056688011163552335,0.514978485554922,0.09154781197344752,1
COM_SUD_0193,-0.008145507604579579,0.9378802976874661,0.7602899550299302,-1.9704362539443372,-3.011637446656249,1.1491699866793625,3.3628145495686463,10.142491304907768,2.9828340586545834,0.500671592148661,1.6073848154150088,-1.2919635690237508,-0.15910576388222641,-1
COM_SUD_0208,-0.28301754604074936,-0.07120427854335591,0.04705207792886968,-0.16091187967219675,0.726704187883566,-0.1982919438838941,1.1580187952095176,-0.11396057645963784,1.7289131793113208,-1.3870116390651603,0.6000090510669167,0.514978485554922,0.08452873192318677,1
COM_SUD_0271,0.528900104035587,0.8169085592028126,0.0708935930080963,-1.0834008710894578,0.827924261416198,0.7082458197047935,1.0251093136045935,-0.11396057645963784,1.3315578734479092,-0.8353280391970743,0.960473112383377,-0.3884925417344144,0.10501883438609477,1
COM_SUD_0276,-0.2569018345255244,-0.022704618216350562,0.13669467829739604,-0.018402276627329905,0.870183856595836,-0.05974067402429643,1.2369211549576524,-0.11396057645963784,1.2303011293127686,-0.9001836409655579,0.9844782962484199,-1.2919635690237508,0.10473412555113587,1
IND_CEN_0002,2.7891688320452515,1.9878412502736358,0.24628833730962404,-2.4963314476196645,0.5217759188285178,1.6502201764231903,-0.06136045555329063,-0.11396057645963784,0.9432347299976142,-1.538162893358402,0.7192233031715346,0.514978485554922,0.04109303528749331,1
IND_CEN_0026,2.6360757286229455,1.9651067039081027,0.7058110955209296,-2.26379748557816,0.5120481400432648,1.923256221848812,0.014960490062964215,-0.11396057645963784,0.9114939473503892,-1.582663762117576,0.625771909319485,0.514978485554922,0.045506887298821797,1
IND_CEN_0138,1.4812995172779204,1.089605340512145,0.8909195114996321,-1.2686633550477848,0.05082918892654742,0.9583352187595395,0.049107305237451784,-0.11396057645963784,0.9030040810185322,-1.1253748161089983,0.7441038607637154,-1.2919635690237508,0.07523158776465605,1
IND_CEN_0212,2.3540013588486866,5.715427089286489,12.877964443461519,-2.6610864521154367,-5.389211891770249,6.153281678799167,3.553311420984371,6.723674011118632,0.8918016937365829,1.5390565898917143,1.3573960188417695,-0.8402280553790826,-0.2532545532019942,-1
IND_CEN_0268,3.1357665068614358,2.361534383900706,1.1921929664313349,-2.325667508363494,0.23801818473701877,2.14168505818931,0.018864031992417575,-0.11396057645963784,0.8728766707603854,-1.229576138801523,0.5077654261361684,1.4184495128442585,0.010070144737216458,1
IND_EST_0028,2.9564996086066606,2.197517189455908,1.9877538992610124,-2.0017188497346736,0.10369381274168475,2.0153332712104315,0.001180886059443496,-0.11396057645963784,1.086259910562066,-1.6421672798779734,1.1538721135559273,-1.2919635690237508,-0.021494344818619227,-1
IND_EST_0088,1.2338573254095901,0.9307025099942621,0.739478506982193,-1.152917750623539,0.1494423194559419,0.8627726028605713,0.10010292342348599,-0.11396057645963784,1.0531972987358316,-1.1284936872429532,0.8571664675950192,0.514978485554922,0.08900516411539083,1
IND_EST_0090,1.9902545846166118,1.4740017600036917,-0.24776222176695215,-1.6099912335601252,0.566200968414455,1.431210412326468,0.029236173880379804,-0.11396057645963784,0.7559135686775139,-1.3047844966832103,0.26216147775094956,1.4184495128442585,0.03959016155733497,1
IND_EST_0154,3.230151897380737,2.293018275341807,0.8048182240403492,-2.0955666371056854,0.4153038436225196,2.3589520390173573,-0.0812656236412151,-0.11396057645963784,0.9092190740374002,-1.3952209724733668,0.8703327800939392,-0.3884925417344144,0.024541380939356705,1
IND_EST_0257,2.1508694776218404,1.7688170253955688,0.6097093399164947,-1.7118334620775548,0.312040825982139,1.5099261232949182,0.189183004545075,-0.11396057645963784,0.8499234362209779,-1.247316583830721,0.6728458923668068,0.514978485554922,0.060528248390222306,1
IND_EST_0290,2.1147634355408806,1.6139445979212605,0.12004801374153702,-1.956185293639851,0.7985863166914409,1.2679697128273193,0.06952564695138592,-0.11396057645963784,0.9246027064898159,-1.4764509109154544,0.8622436980443907,-2.1954345963130875,0.0250254558960204,1
IND_EST_0298,1.699961425452519,1.2946892849015097,-0.8638135044498324,-1.3718959211558956,1.0835453112173377,1.2903354314419713,0.08410888975932831,-0.11396057645963784,1.1964351162467421,-0.8644962840543631,1.1748780272844173,-0.3884925417344144,0.046885642891883794,1
IND_NOR_0041,0.7928452184154847,1.729171424794348,2.2413193852109545,-2.103908662649774,-1.5322668447082297,1.579637454041886,2.072786950975165,-0.11396057645963784,0.7431624381244998,1.342538544026798,-0.8415534650600678,0.514978485554922,-0.053754001584470745,-1
IND_NOR_0049,0.9097088527076901,0.6186623272117832,-0.41770783317642396,-0.8334876891644354,0.804698930804227,0.6019360403156686,0.021995295556270607,-0.11396057645963784,0.7798966768419017,-1.365227700215554,0.6186806064505914,0.514978485554922,0.0865813902099084,1
IND_NOR_0071,3.800501031044906,2.9180736051127694,1.0696186498890148,-3.220349747967122,0.592492405710081,2.7844816204519702,0.040794979527568324,-0.11396057645963784,0.7482369504137101,-1.261775131871591,0.4393444863135168,0.514978485554922,-0.04649331863778983,-1
IND_NOR_0078,3.6270134228557747,2.5325220190805564,-1.0606930450283347,-3.2676212260502977,0.8576489659514581,2.227952829988682,-0.11840835872865078,-0.11396057645963784,0.8503737315119659,-1.1831218449967724,0.8251878590404447,-1.2919635690237508,-0.0563146605482614,-1
IND_NOR_0109,3.4364057569093736,2.6579195207811903,0.6488258842698074,-3.089310430045378,0.2141704207356714,2.5677955673801476,0.05951959811566472,-0.11396057645963784,0.7195872463403657,-1.2916034405712193,0.6640981816728032,-1.2919635690237508,-0.024966712924101353,-1
IND_NOR_0120,2.322404034268688,1.6597769274091352,0.11390059379693877,-1.947495683698091,0.4784166842234831,1.4826225187523558,-0.03892242286938496,-0.11396057645963784,0.8977273329195037,-1.1613853653285922,0.8290848403583271,-0.3884925417344144,0.0676992416425074,1
IND_NOR_0183,2.3360536138207086,1.840805863198578,0.4443150637601248,-2.292994574982477,0.4314081588324587,1.7626296972526747,0.11392903694289878,-0.11396057645963784,0.8195341101696837,-1.2807598191628007,0.35915104264527514,0.514978485554922,0.04788275428456723,1
IND_NOR_0206,1.3048133578361383,0.8888125178588361,-0.4928110995583487,-1.1550032570095616,0.795977562505256,0.733225713222457,-0.030452210941770474,-0.11396057645963784,0.8295695335786007,-1.3864213166027812,0.5727755635033772,-0.3884925417344144,0.08287152810730175,1
IND_NOR_0235,2.810151430399158,2.1010961572601787,0.17316770738040754,-2.2033178003835108,0.6899199744580575,2.0423464118748815,0.014787204782693018,-0.11396057645963784,0.8506114931527519,-1.144801429671559,0.747890007605847,0.514978485554922,0.052651767304437325,1
IND_NOR_0252,2.816656761930334,2.105935595429543,1.8772125649632025,-2.3937940503068926,-0.003768449215858856,1.9218039024582503,0.014591693830045414,-0.11396057645963784,0.8588446037148081,-1.330312280397929,0.48561573777193145,-0.3884925417344144,0.01806472936744774,1
IND_OUE_0003,0.7416665555100574,0.44365264065189575,0.29989433800295895,-0.5429071327119739,0.47917177973696057,0.2681930443645624,-0.053821534064402654,-0.11396057645963784,0.9656155623771258,-1.379984201951851,1.0498076130145084,0.514978485554922,0.09095556404093652,1
IND_OUE_0016,3.491664772851098,2.7308196612184537,0.09961064804337565,-2.7087055145962826,0.6830092963584129,2.5791236586265303,0.07856580244619242,-0.11396057645963784,0.8885209067625763,-1.4118241264671691,0.7962455095495293,-0.3884925417344144,0.0011312813062430704,1
IND_OUE_0030,1.425365282773252,1.0736935574578736,0.3783518761193585,-1.3941413226068016,0.34788554889824147,0.9830246483990899,0.08459511588144411,-0.11396057645963784,0.7792374191397935,-1.2056968420620664,0.3681602373298877,-0.3884925417344144,0.09187791064147649,1
IND_OUE_0191,1.5762730013843036,4.094347392997622,-5.295442405684468,-2.197408865623113,1.917260388217864,4.8830831398138,3.474259837658582,6.723674011118632,0.15960482044363788,1.5355151926958457,-0.4051194327209477,-0.8402280553790826,-0.2040519819035269,-1
IND_OUE_0202,1.3345592766790288,0.956132938400173,0.2737210429447332,-1.378847609109304,0.5511772520843113,0.6815231429184562,0.027183636248849327,-0.11396057645963784,0.7013950405191219,-1.3477279950835805,0.08249469455439122,0.514978485554922,0.07069643234826983,1
IND_OUE_0214,0.8449386935674835,0.5686311538570769,0.8747591539982301,-0.698624942868317,-0.1549458256914278,0.5025973940012401,0.023330720975231162,-0.11396057645963784,1.0014360934963207,-1.3938721629609012,1.1713993288015292,-0.3884925417344144,0.08378935283377126,1
IND_OUE_0241,1.8487128009109375,1.2644218812075012,0.5751316614046124,-1.4855560191941193,0.42240112596767937,1.1212854543805757,-0.07419328360257565,-0.11396057645963784,0.7019428432136174,-1.2215984044991777,0.23756222726998075,-0.3884925417344144,0.06895083581707506,1
IND_OUE_0248,2.8476224304353193,2.249954794726849,0.14280469000701784,-1.9791258638860962,0.6268795797887116,2.0072002826232853,0.10732655427536639,-0.11396057645963784,0.8255167578340555,-1.1906668218675276,0.5843129004767306,-0.3884925417344144,0.051320101500477666,1
IND_OUE_0269,1.3785864311489544,0.9968899554829498,0.7763630266497679,-1.2161781109995538,0.25388402277512356,0.9348076446324372,0.03495875124169967,-0.11396057645963784,0.8478083832317538,-1.2198673514966742,0.5733112996296341,-0.3884925417344144,0.09948238631985623,1
IND_SUD_0015,2.7285661509172052,2.0136381500828437,1.562073124274096,-2.014579472448479,0.3935279927695693,1.7788956744269673,-0.00409829420548449,-0.11396057645963784,0.9411388823674572,-1.5656984382973451,1.1709265325287799,-1.2919635690237508,0.013027932229009886,1
IND_SUD_0143,2.312667818215888,1.7399376274322866,-0.23171408897043058,-2.34756532541673,0.6082676234206823,1.6051982753157739,0.04013143431295057,-0.11396057645963784,0.9256335689148065,-1.238020568230635,0.6534894416349978,-0.3884925417344144,0.05565524542684386,1
IND_SUD_0161,0.6907928300201546,0.4942160047044201,-0.16056362608227998,-0.7302551230563243,0.9804293294759112,0.4633847704560711,0.10795560440465138,-0.11396057645963784,0.6301381427260672,-1.5082504671542019,0.5720332693684655,-0.3884925417344144,0.08942556688138609,1
IND_SUD_0174,2.7917753209065155,2.101008586246919,1.086464825031315,-1.7170472280426112,0.6675243776307778,2.010976313038746,0.026016392126484288,-0.11396057645963784,0.9748144301246785,-1.076133367543053,0.7416979331805582,-1.2919635690237508,0.03951173924010615,1
IND_SUD_0187,3.7332115080192994,2.69653275924636,0.9587157026532714,-3.003804668218459,0.7253945388374128,2.6287929817837448,-0.06465946321521718,-0.11396057645963784,0.8398569037028157,-0.9590155323329638,0.7192606410373465,0.514978485554922,-0.02343489490697126,-1
IND_SUD_0232,1.8559732155662692,1.3518680503552507,0.5480231604724708,-1.2627544202873884,0.6084356711368131,1.1439416368733397,0.011993291750497242,-0.11396057645963784,0.967321478284705,-1.1830351810907689,1.2096539673121272,-0.3884925417344144,0.07560365437299543,1
IND_SUD_0289,1.0046895972287275,0.714244884470629,0.42225667454717297,-0.8303594295854015,0.580368713477494,0.5490716144992184,0.05391236801862677,-0.11396057645963784,0.8739013317903987,-1.398444302591174,0.9076613914435341,-0.3884925417344144,0.0935617143282872,1
RES_CEN_0001,-0.7543709258794828,-0.7098576710465488,-0.40762007914968457,0.5759670433890666,0.7256792708119268,-0.7495923845411607,-0.38535145070800025,-0.11396057645963784,-0.3257962854951706,-0.6311399061859372,-0.8348794961417952,-0.3884925417344144,0.1382677371131245,1
RES_CEN_0014,-0.5005468295291167,-0.5795829177049193,-0.5305186003949528,0.538775512838333,0.26378730521204363,-0.5631145747930231,-0.6207106867395119,-0.11396057645963784,-0.806600566859454,1.2584991730520252,0.24265651425088314,-0.3884925417344144,0.15671654380213257,1
RES_CEN_0038,-0.7206608206347818,-0.7138297032923332,-0.1612369743114884,0.5467699539847524,-0.9586530978977588,-0.7673106811060149,-0.7718477997439515,-0.11396057645963784,-0.7253020627465336,0.026343134492549162,-0.2786430390952062,0.06324297191025381,0.15505867640402232,1
RES_CEN_0044,-0.4439155952175364,-0.5862851434262651,-0.3213068116923243,0.6204578462908786,-0.01997548823530259,-0.5726998827707311,-0.8599632599309508,-0.11396057645963784,-0.7348585685362491,1.9106669168267227,0.6499638319333775,-1.2919635690237508,0.12216652167980868,1
RES_CEN_0054,-0.35734241086737123,-0.4538970513141589,-0.29704133661691084,0.778608747230914,-0.028663324218025865,-0.40510222509989713,-0.38604806794484836,-0.11396057645963784,-1.0955982896242153,-0.3339944326064629,1.6120217979694282,-2.1954345963130875,0.0921792667962888,1
RES_CEN_0061,-0.5355492885824668,-0.6057581639758026,-0.38124727350502774,0.41538305166533834,0.2309933571939523,-0.6084269397785519,-0.6701079078358461,-0.11396057645963784,-0.5232999978056085,0.2600736408549937,-2.418738407088486,2.3219205401335947,0.09550291851444243,1
RES_CEN_0070,-0.4601208407282346,-0.5863515854674661,-0.6591530510002884,0.7229952436036489,0.7031109139228924,-0.6290498751245297,-0.8103123475443026,-0.11396057645963784,-0.8082944196739666,-0.1144916860063514,-1.0902869664473378,0.514978485554922,0.1398859105197489,1
RES_CEN_0083,-0.7940853940441425,-0.7478291735668874,-0.2828012685099571,0.49706538511788406,0.05568826531325621,-0.8114611905790942,-0.6843196626579401,-0.11396057645963784,-0.8914742724255821,-0.7098001727035638,-0.47436403282514017,-0.8402280553790826,0.13046119663470102,1
RES_CEN_0086,-0.7720718168091794,-0.7287322643855119,-0.2340458689493853,0.5349520844639585,0.19917633511419747,-0.8027472742357233,-0.5379003664380718,-0.11396057645963784,-0.3751382627089695,-0.2836445941273579,-1.0059167247038685,1.4184495128442585,0.13498042932816606,1
RES_CEN_0101,-0.6472725492986976,-0.6776261629432664,-0.23405833836103826,0.47829582764368206,-0.20404246762879036,-0.7199650689736996,-0.787047618908167,-0.11396057645963784,-1.0553364831955074,0.4547662698111041,1.3753682791932376,-1.743699082668419,0.11259274065221864,1
RES_CEN_0119,-0.470728306539673,-0.5783689489021935,-0.3077276224029464,0.5286955653058911,-0.9093527773785599,-0.4361818600579201,-0.7231681719992397,-0.11396057645963784,-0.7489947277108432,1.995061718587108,0.42372004409440267,-1.2919635690237508,0.1266764735500387,1
RES_CEN_0127,-0.47045241078277045,-0.5732160231739734,-0.050408843545667256,0.5728387838100328,-0.9608680352171821,-0.5907086432136976,-0.6903248866064404,-0.11396057645963784,0.03135647006703802,-0.2774765718052458,-1.5488823375922494,0.06324297191025381,0.14281060160233472,1
RES_CEN_0134,-0.6470982993469697,-0.6445519767217899,-0.1734569977307611,0.6242812746652532,-0.7956878682115113,-0.6813333731847552,-0.427706380782445,-0.11396057645963784,-0.7911865831159809,-0.38243417117405937,-0.11313652718842744,-0.3884925417344144,0.16272696808793785,1
RES_CEN_0149,-0.455430612860891,-0.5505090011123603,-0.957171989490747,0.6333184690046836,1.5115114931274884,-0.511992932245247,-0.5977496297754311,-0.11396057645963784,-0.9013402730298643,-0.2669517149332459,0.7595526889445484,1.4184495128442585,0.10572063099598311,1
RES_CEN_0153,-0.360493430827785,-0.4166284688347881,-0.7972143768147802,0.49011369716447595,0.38136834257110247,-0.29501641529531125,-0.17942937694068664,-0.11396057645963784,-0.7671204596294435,0.5428035290818436,0.021581740141215725,-0.3884925417344144,0.1359847443698855,1
RES_CEN_0167,-0.7988700073020055,-0.7415991430829088,-0.12016273232874429,0.6142013271328113,-1.2961203583452459,-0.8039091297481729,-0.46192125494791,-0.11396057645963784,-0.668922883563676,-0.14284665457987802,-2.110425876981597,1.4184495128442585,0.10323532584961032,1
RES_CEN_0168,-0.4428192726045812,-0.5018540000647564,-0.23186372191023139,0.6096827299630961,-0.08064663339288805,-0.44518624027940334,-0.34184962930669854,-0.11396057645963784,-0.9200974001937987,-0.019198698620925027,0.3636479970287472,-0.3884925417344144,0.16087899461212324,1
RES_CEN_0197,-0.43152206740088656,-0.5272626080233341,-0.3921954169357659,0.6899747258249601,0.08172466402966393,-0.4742326280906398,-0.5400451514388295,-0.11396057645963784,-1.0604029954662342,-0.25557296820019654,0.44789979351762965,-0.3884925417344144,0.15934801611181676,1
RES_CEN_0200,-0.5838600876990381,-0.6173071738867145,-0.2936621260591305,0.48802819077845344,-0.04706425145740264,-0.6127838979502372,-0.5389377849398164,-0.11396057645963784,-0.2966957492564346,1.028257451761452,-1.0412355430766647,0.06324297191025381,0.16086352382186953,1
RES_CEN_0211,-0.5587971363088361,-0.5886683678285091,-0.5254934274990669,0.5547643951311718,0.10749522672262536,-0.5982607040446191,-0.4259766195858024,-0.11396057645963784,-0.933860018028985,0.35488739264747887,0.815458303849923,1.4184495128442585,0.14951957630245488,1
RES_CEN_0213,-0.4672868699930462,-0.5330331790392686,-0.1042767018836896,0.5982124448399726,-0.41972018488844426,-0.504731335292438,-0.4397506528226462,-0.11396057645963784,-0.795992970702023,0.9206938035388786,0.1484772005707723,-0.3884925417344144,0.16399941548855618,1
RES_CEN_0217,-0.4790850438079589,-0.5898039231641659,-0.6176299101980638,0.6072496391794031,0.4049229932106404,-0.5985511679227316,-0.7700889840795159,-0.11396057645963784,-0.9386590838564143,0.7096953229631676,0.20828597119649547,0.514978485554922,0.15720791492514802,1
RES_CEN_0229,-0.662003930634364,-0.6846738842724486,-0.4411877353177299,0.5359948376569696,0.15532933729302098,-0.7124130081427781,-0.7821732213471485,-0.11396057645963784,-0.6718551529466694,-0.02316556009644759,1.6384738807543033,-4.00237665089176,0.061705934414876984,1
RES_CEN_0231,-0.40996589628920926,-0.5295893531594893,0.018734044066448293,0.8700234438182312,-0.47650560930400987,-0.4597094341850216,-0.6271371412405091,-0.11396057645963784,-0.5062958727527066,-0.8553889107865684,-0.4105616450544536,0.514978485554922,0.14462046519345628,1
RES_CEN_0246,-0.5060284425938916,-0.5067086062426431,-0.001229483988916203,0.7150008024572294,-1.0608168422125923,-0.4007452669282116,-0.07899604206734293,-0.11396057645963784,-1.0474075737290207,0.7728126395137697,-0.21495130552792371,-0.3884925417344144,0.14341238221806674,1
RES_CEN_0251,-0.35448906790782636,-0.42852840134365044,-0.49491843012758135,0.6725955059414397,-0.7416491315729586,-0.3609517156268177,-0.26367323998288733,-0.11396057645963784,-0.8678312276528879,-0.6615700218013666,-0.2798945821393065,0.514978485554922,0.14214952028177852,1
RES_CEN_0262,-0.5362317675600679,-0.6215967079285046,-0.4698798515297203,0.480033749632034,0.19418388409438445,-0.6113315785596756,-0.7891948496069499,-0.11396057645963784,-0.6872885373204531,1.0639835707875531,0.07743884734956534,-0.3884925417344144,0.16314418008038628,1
RES_CEN_0273,-0.7865999065344964,-0.7318588729446782,-0.254907194643717,0.5352996688616288,-0.44257806121488824,-0.7972284605515884,-0.4129781129574468,-0.11396057645963784,-0.9959947942750352,-0.004657476330707223,0.5587332208890737,-0.3884925417344144,0.14827534262189446,1
RES_CEN_0274,-0.715157426326041,-0.5323761317887316,-0.200789948072647,0.6013407044190062,-0.4692352908407886,-0.4922413885336062,1.8387789070450131,-0.11396057645963784,-1.8607268260327883,0.3503142137800452,-1.5026609060908522,0.9667139991995902,0.062274050338860854,1
RES_CEN_0281,-0.6680082935543226,-0.6548800233777285,-0.17303303773458406,0.6395749881627512,-0.9960284841437289,-0.6511251298610694,-0.39396135537442156,-0.11396057645963784,-0.6856321462749245,0.30753521513315724,0.38650230268341607,-2.1954345963130875,0.12982694021471558,1
RES_CEN_0287,-0.42551770448092796,-0.51815621348925,0.10439890211788977,0.6187199243025266,-1.5185414388621046,-0.47394216421252733,-0.5069716943777386,-0.11396057645963784,-0.9251275234508575,1.175343435095241,0.6553043332837252,-0.3884925417344144,0.13703711150654252,1
RES_CEN_0291,-0.443494491167527,-0.5884907898694817,-0.412333516754261,0.6924078166086529,-0.054852089958653344,-0.5427821033251576,-0.8748583813448909,-0.11396057645963784,-0.584814196682464,-0.2253074657801085,0.8407682329609372,-1.2919635690237508,0.14878556375185586,1
RES_CEN_0293,-0.6583374212334219,-0.6589553860550238,-0.45613855988886337,0.5293907341012319,0.9607830420817115,-0.6499632743486198,-0.5109183502900336,-0.11396057645963784,-1.0293291141568888,1.1131260878597309,0.34146504161479097,0.514978485554922,0.1440750199067295,1
RES_EST_0005,-0.404498804053745,-0.4753428763028255,-0.18305844470304805,0.49637021632254325,-0.7926512532497395,-0.31041100083526635,-0.3348763036446092,-0.11396057645963784,-0.5707930658005425,0.012070932437085779,0.5817500009235491,-0.8402280553790826,0.14797717399603755,1
RES_EST_0053,-0.40576937661842793,-0.5495840685253405,-0.32230436462450945,0.7038781017317765,-0.18104096391876792,-0.5700857078677198,-0.7551178236234316,-0.11396057645963784,-0.8807960390939634,-0.444313014190317,0.8485314135860008,-1.2919635690237508,0.14907328310245826,1
RES_EST_0058,-0.554143210514769,-0.6091493649275598,-0.8238490401041368,0.502974319878281,1.0657137368386551,-0.6418302857614738,-0.615268939625581,-0.11396057645963784,-0.8836596062076308,0.21048070437342836,-0.600182071367301,1.4184495128442585,0.1265476049613965,1
RES_EST_0059,-0.5902855546690059,-0.6111523872983188,0.058311956650914806,0.7508019954172814,-0.6616481639872529,-0.60697462038799,-0.4494477154406085,-0.11396057645963784,-0.28988826264093076,0.5297215482427233,-2.1574589896559697,1.4184495128442585,0.12396602670209095,1
RES_EST_0062,-0.5376112463445807,-0.6448730542715746,-0.2240828090391832,0.7045732705271172,-0.4247220492091526,-0.6949851754560363,-0.9636894019273895,-0.11396057645963784,-0.6392060551981069,0.3479610587306902,-0.4663695235126638,-0.3884925417344144,0.15496431294090873,1
RES_EST_0063,-0.327051960925331,-0.49276146657706926,0.009381985327208778,0.688236803836608,-1.0308513951647305,-0.4637759284785947,-0.6755783541146785,-0.11396057645963784,-0.47004291411190324,-0.28849528282033204,0.32143152610950454,-0.3884925417344144,0.1516468383399922,1
RES_EST_0069,-0.532703206037577,-0.610959448406449,-0.3328160786474153,0.5756194589913961,-0.7617409468711079,-0.6589676545701032,-0.7216722127511763,-0.11396057645963784,-0.7881486007174892,-0.9129627681653899,1.0243646278561322,-1.2919635690237508,0.14103958466865174,1
RES_EST_0073,-0.5486398162060282,-0.6122035578436507,-0.14818150031151017,0.7139580492642181,-0.8738159810125766,-0.6084269397785519,-0.6643883873698818,-0.11396057645963784,-0.390684902467407,0.6162369414467485,-0.6038434591771445,-0.3884925417344144,0.16202626871973042,1
RES_EST_0075,-0.7502905728431869,-0.7044214036091558,-0.422558434309163,0.6162868335188338,1.2710724831883495,-0.7510447039317226,-0.3355957813419803,-0.11396057645963784,-0.4004649552638667,1.1740123230991577,-0.3598916504453426,0.514978485554922,0.13203646612735898,1
RES_EST_0094,-0.4437776473390849,-0.5693795594256256,-0.5931275163012553,0.4115596232909639,-0.18467166305099905,-0.6046509093630911,-0.7557672099337037,-0.11396057645963784,-0.859488442563152,-0.49771947658943255,1.6513073375685725,-1.2919635690237508,0.1121700976520793,1
RES_EST_0100,-0.3674852101408685,-0.5133429336467155,0.025629628710183025,0.6416604945487736,-0.5946039441693489,-0.4832370083121231,-0.6677529821373188,-0.11396057645963784,-0.42262141771845757,-0.45877756196949404,0.8282343758048665,-1.2919635690237508,0.1431224461999585,1
RES_EST_0105,-0.6153630268885185,-0.6457958004903972,-0.4255261542824169,0.6006455356236654,0.32170414715895057,-0.6630341488636763,-0.6346584754153761,-0.11396057645963784,-0.6969828638921476,-0.3465563711621415,-0.2355869075616662,-0.3884925417344144,0.16569990791026729,1
RES_EST_0118,-0.4977152678135376,-0.575794420947066,-0.4388185471037911,0.6927554010063235,-0.21494947699158434,-0.5378442173972473,-0.6053992494340761,-0.11396057645963784,-1.037520888295155,0.11934808683160958,0.42262239076529123,0.514978485554922,0.16507907973671332,1
RES_EST_0133,-0.4515971139228763,-0.5517162398238707,-0.6238646160242235,0.6006455356236654,0.2779485552661345,-0.5224496318572922,-0.6191457098015153,-0.11396057645963784,-0.6659581993523479,0.8320949775337471,0.6389636525733295,-1.2919635690237508,0.14603480609555836,1
RES_EST_0137,-0.6341239383578934,-0.6452527948757253,-0.4760522102976193,0.5662346802542951,0.5448547337172513,-0.6839475480877665,-0.5199755296520662,-0.11396057645963784,-0.9590845427345065,-0.04637365508336905,0.8372007728985492,-0.3884925417344144,0.15517503338046784,1
RES_EST_0170,-0.4402926483045262,-0.5505704736499188,0.020342598169599345,0.5895228348982126,-0.7018192636194904,-0.5233210234916291,-0.6513214442577162,-0.11396057645963784,-0.6914928178252646,-0.49803564585386345,-0.8672069065750339,1.4184495128442585,0.1441705949411088,1
RES_EST_0188,-0.5003435379187675,-0.5648803386093514,-0.13920352392183963,0.6242812746652532,-1.1821058556354944,-0.5811233352359897,-0.5181139295650685,-0.11396057645963784,-0.6717228977773414,-0.12737307931029748,-0.6082656393523026,0.514978485554922,0.1650915090916999,1
RES_EST_0194,-0.4302297135922375,-0.5370528495766971,-0.004895491014698998,0.8025920706701721,-0.8236274231627844,-0.5073455101954493,-0.6035306342959759,-0.11396057645963784,-0.6529893039533112,1.1130831423802714,0.6934422133229227,-0.3884925417344144,0.1518002824696001,1
RES_EST_0199,-0.5440512341438591,-0.5693023225526749,0.21807005874044066,0.7525399174056334,-1.5941590013999851,-0.520706848588618,-0.3468733284051618,-0.11396057645963784,-0.6822058257086423,1.1358237134517721,0.1387540387869302,-0.3884925417344144,0.13969543649931482,1
RES_EST_0201,-0.5185381370450265,-0.6224470257675194,-0.14568761798104543,0.6319281314140022,-0.8698955613534657,-0.6400875024927996,-0.861356859987065,-0.11396057645963784,-0.6496971247517747,1.171070856429011,0.45319578014831724,-0.3884925417344144,0.15430429227094916,1
RES_EST_0221,-0.5533808669759592,-0.6440082007896947,-0.1557504331844676,0.5398182660313442,-0.96193207146567,-0.6894663617719013,-0.8999259834547602,-0.11396057645963784,-0.6242293099099826,-0.901703139619328,-0.7705665882029636,0.9667139991995902,0.13266329977387797,1
RES_EST_0227,-0.7486424587164269,-0.7068601138381921,-0.046842591813101214,0.5784001341727594,-1.5656983609883404,-0.7513351678098349,-0.39760299096028273,-0.11396057645963784,-0.9522443398304622,1.615828068245726,-0.6083984655940166,0.514978485554922,0.13004018920775884,1
RES_EST_0237,-0.5784002558782293,-0.607120826464678,-0.5239472204541792,0.5144446050014043,0.42637001734577795,-0.6334068332962152,-0.4786821407247969,-0.11396057645963784,-0.8866881631934739,0.16942481276070454,-1.4007683322527724,0.514978485554922,0.15028598780777802,1
RES_EST_0244,-0.38220207064722406,-0.42629342175044155,0.03227582512086867,0.8112816806119322,-1.1235076486380253,-0.36240403501737967,-0.14729495007973975,-0.11396057645963784,-0.6545209912973764,-0.37663364354584433,-1.0072682825249168,-0.3884925417344144,0.13448596475934105,1
RES_EST_0247,-0.4577975080385287,-0.5293937427710894,-0.5661811177205905,0.595084185260939,0.1709768341928192,-0.540748856178371,-0.4544462167617777,-0.11396057645963784,-0.777818098957069,1.4242319042671303,-0.6992823275907377,1.4184495128442585,0.13590782274594165,1
RES_EST_0260,-0.749789604231969,-0.7054982753669506,-0.2927892672434661,0.5891752505005421,-0.02359228566907165,-0.7432021792226887,-0.3605111717062088,-0.11396057645963784,-1.3392555081862247,0.4120316024492459,1.1072961245673048,-0.3884925417344144,0.12319013701728226,1
RES_EST_0265,-0.7978390284209484,-0.6995403161782277,-0.0758713821397027,0.5978648604423021,-1.4588746959881074,-0.7649869700811159,0.5726885309656671,-0.11396057645963784,-0.09876379729002333,-0.33929206728231387,-1.4126515382568658,1.8701850264889266,0.07789129609216189,1
RES_EST_0270,-0.4161953320634831,-0.5519317699626032,-0.06009757639951899,0.838393263630224,-0.47770719964858827,-0.4986315938520783,-0.7372691400721354,-0.11396057645963784,-0.9275346967047426,1.2116377703301293,-0.2293508509224109,0.514978485554922,0.14522218999927816,1
RES_EST_0279,-0.8020210272624191,-0.7516609694399172,-0.2779257285539008,0.5359948376569696,-0.1546216670023994,-0.8094279434323076,-0.6720850144816289,-0.11396057645963784,-0.565968004113192,-0.36856357390633565,-0.6139847433189932,1.4184495128442585,0.13368160784104993,1
RES_EST_0284,-0.6799081131744098,-0.6666506488607615,-0.14122356860951388,0.6503501044905338,-0.03680421359602375,-0.6804619815504181,-0.44524835592414763,-0.11396057645963784,-1.111361945155116,0.5447187077826795,1.2612944221517786,-1.2919635690237508,0.13050694560306764,1
RES_EST_0286,-0.3573278900380606,-0.525543228428481,-0.2809059179388079,0.7473261514405772,0.27034994668970336,-0.49776020221774125,-0.7606314836689531,-0.11396057645963784,-0.9258564700274875,-0.35054518030011705,0.7309143942131844,-0.3884925417344144,0.15000530472836454,1
RES_EST_0294,-0.5490318785974161,-0.624023114196217,0.04147825092028299,0.465435204929877,-1.5035063792646584,-0.6159790006094733,-0.7568756582707864,-0.11396057645963784,-0.1589570000883065,0.6528415365168653,-1.196151726874999,0.06324297191025381,0.14042402491947975,1
RES_NOR_0010,-0.6276766901439597,-0.642383024191874,-0.11955173115778153,0.7184766464339335,-0.8738461757879632,-0.6519965214954063,-0.5300385328258822,-0.11396057645963784,-0.6932922140462748,0.3310386262995884,-1.201857250219096,0.514978485554922,0.15341628279823583,1
RES_NOR_0011,-0.5627831039546126,-0.5984318516129473,-0.361632888975929,0.6552162860579195,0.3196305375947548,-0.6232405975622825,-0.4860033977605126,-0.11396057645963784,-0.9163526381603108,-0.15568753278127534,0.5116425131517621,0.514978485554922,0.1662985728210502,1
RES_NOR_0012,-0.4861784689262169,-0.530899242026079,-0.3517197067123319,0.816147862179318,0.03971045188686696,-0.5509150919123038,-0.3447720842700747,-0.11396057645963784,-0.9768048727442165,-0.26296673652221264,0.4146805957652844,0.514978485554922,0.15935596711016908,1
RES_NOR_0031,-0.5269239159719337,-0.5872778532359857,-0.5500332296308341,0.6333184690046838,0.1554614777702824,-0.5497532363998544,-0.5666950195978742,-0.11396057645963784,-0.17071989900755222,-0.1982609308770875,0.10721230739520045,-0.3884925417344144,0.15991468414229537,1
RES_NOR_0034,-0.7535722802673964,-0.7285105695719445,-0.20269776805545237,0.5620636674822502,-0.11056373627692047,-0.7922905746236782,-0.732377261745336,-0.11396057645963784,-0.4448646411576749,0.3257631200154821,-0.8513662356621543,0.514978485554922,0.1550514507482137,1
RES_NOR_0037,-0.7089642926250438,-0.4421225636234383,0.4521957319244081,0.5641491738682726,-1.7326101164917491,-0.49049860526493216,2.9943632769309985,-0.11396057645963784,0.1665837341731204,1.8529866581039682,-0.5085701325860289,0.06324297191025381,0.02917481395353283,1
RES_NOR_0047,-0.7581027790123229,-0.7268604177171749,-0.2063887139045394,0.5690153554356584,-0.26007155079524574,-0.8004235632108244,-0.6572537985486719,-0.11396057645963784,-0.49733268542852227,0.5440425781485747,-0.09911471318785336,-1.2919635690237508,0.14706055026448966,1
RES_NOR_0050,-0.7708665879763945,-0.7387902434410007,-0.265593480429756,0.5547643951311717,0.3769165999533859,-0.7806720194991836,-0.7564184026239446,-0.11396057645963784,-0.9049439858688588,0.10999425661023232,1.2202764361572256,-2.1954345963130875,0.10410844811928388,1
RES_NOR_0065,-0.6432575399942996,-0.6736324340795984,-0.4908409325172703,0.5759670433890665,1.5516662645577957,-0.7190936773393625,-0.7660224943932752,-0.11396057645963784,-0.47412537597378895,1.2536788657457523,0.07451849064477088,0.514978485554922,0.13347864430949913,1
RES_NOR_0066,-0.7147290618613764,-0.6809219074185083,-0.2333475818968563,0.4682158801112404,-0.6169880595939091,-0.7327454796106435,-0.3362691233007025,-0.11396057645963784,-0.7923727133052413,0.005588576356749671,-0.17686930757774397,0.06324297191025381,0.15958908710942954,1
RES_NOR_0076,-0.7200073833158019,-0.7023605041398606,-0.26116683929318324,0.5325189936802656,-0.11405191858068385,-0.7623727951781047,-0.6050658443678204,-0.11396057645963784,-0.561682998306696,-0.012534531883253505,0.16440804499224668,0.514978485554922,0.1633837597076146,1
RES_NOR_0093,-0.5030298913412399,-0.527357156134617,-0.45512853754502636,0.607944807974744,0.03609555409102726,-0.5724094188926186,-0.24109041534029851,-0.11396057645963784,-0.8626634088426254,0.10522939979104129,0.24412437327249284,-0.3884925417344144,0.16547493056396595,1
RES_NOR_0096,-0.6817667793261744,-0.6979426062746639,-0.38821767461867285,0.5026267354806105,1.0640145811855901,-0.7147367191676771,-0.8224028334682972,-0.11396057645963784,-0.3654067381041263,1.949099424520987,0.7380692478969978,-0.3884925417344144,0.11538613300409323,1
RES_NOR_0098,-0.5311639981306469,-0.5920952904146982,-0.09041071612631027,0.675376181122803,-1.0424661042741534,-0.5907086432136976,-0.5845250179100338,-0.11396057645963784,-0.8985491597884709,0.7146964618704195,-1.3627433549235546,0.06324297191025381,0.15047631153703217,1
RES_NOR_0122,-0.6678122623586286,-0.6920901606983954,-0.18506601997907282,0.5036694886736218,-0.29424280724368346,-0.7344882628793178,-0.8348542882250451,-0.11396057645963784,-0.5835667659739266,0.08530521438135555,0.5390910735989813,0.9667139991995902,0.14849227748301974,1
RES_NOR_0129,-0.5895595132034728,-0.6734861085811172,-0.1766117588787985,0.624976443460594,-0.30556063769456926,-0.7112511526303287,-1.01228685270119,-0.11396057645963784,-0.5374134955561038,0.498331605415697,0.4845163742283994,0.514978485554922,0.1502092047289832,1
RES_NOR_0131,-0.5416698181369106,-0.637641429077891,-0.2761675415109228,0.6920602322109827,0.3480436989949461,-0.651706057617294,-0.8930346969606278,-0.11396057645963784,-0.5416184777202343,0.4667458853628884,0.28236387890793024,-1.2919635690237508,0.14870798627921117,1
RES_NOR_0144,-0.49364217519189707,-0.5712054570199471,-0.1295397298912915,0.7984210578981272,-0.24212278761706965,-0.5880944683106865,-0.5896922536478462,-0.11396057645963784,-0.4815823676776226,0.4362834992266657,-2.106459224784656,0.514978485554922,0.14249569674004092,1
RES_NOR_0145,-0.7550243631984627,-0.7304916035436965,-0.19020341757982717,0.5505933823591267,-0.5220860636755559,-0.7949047495266894,-0.754618867183001,-0.11396057645963784,-0.8415158689224752,-0.05570610125186814,0.25958768093268353,0.514978485554922,0.15220033778321002,1
RES_NOR_0156,-0.790564092936307,-0.7357538233192712,-0.2648827239655734,0.5099260078316892,-0.7457316388576855,-0.7914191829893411,-0.4453186587564742,-0.11396057645963784,-0.7079861156458187,0.5474942426498268,0.648008221362869,-0.8402280553790826,0.14451687730589302,1
RES_NOR_0163,-0.797301757736454,-0.7365166717386122,-0.33269138453089125,0.5311286560895839,0.6561076279109102,-0.8100088711885324,-0.3596795301920926,-0.11396057645963784,-0.18521866758575783,0.22873257013317297,-1.4459819807329248,-0.3884925417344144,0.12364394480900759,1
RES_NOR_0172,-0.4444093034140987,-0.5238130362346308,-0.3509341337782395,0.4880281907784534,-0.7828711340266005,-0.4791705140185499,-0.4714073403288387,-0.11396057645963784,-0.558884629499339,-0.6855457703402261,0.20915969555950348,-0.3884925417344144,0.1561405106577919,1
RES_NOR_0184,-0.5759897982126595,-0.6435168007878089,-0.3927440710484662,0.4570931793857872,-0.40627675733631285,-0.705151411189969,-0.804582955822933,-0.11396057645963784,-0.4514594402274103,-0.017194724682080834,-0.24938524986714247,0.06324297191025381,0.15713181609172266,1
RES_NOR_0223,-0.8082504630366929,-0.5680732545189929,0.34192872468294,0.5492030447684452,-5.356609993383666,-0.6607104378387773,4.456572499692734,-0.11396057645963784,2.3953319253539576,-1.207679435324949,-1.7067431029801272,0.06324297191025381,-0.09506251923296338,-1
RES_NOR_0224,-0.5871127534646263,-0.6037306596693821,-0.3839157275986243,0.585699406523838,-0.39696963478284086,-0.6441539967863726,-0.4010012956053499,-0.11396057645963784,-0.7964485132914116,-0.16205737138991652,0.49513432330944607,0.514978485554922,0.16698709308050808,1
RES_NOR_0226,-0.6707672511233482,-0.6475819514847593,-0.32897549985850016,0.40495551973522625,-0.8495148889189036,-0.6490918827142828,-0.2855625488985063,-0.11396057645963784,-0.3077785851193934,-0.4713563606230087,-0.37046177009061704,0.9667139991995902,0.14491185282739105,1
RES_NOR_0242,-0.7419919188921437,-0.6995106001678674,-0.1314849581090519,0.5759670433890666,-1.3670547472221546,-0.721126924486149,-0.34545579597237425,-0.11396057645963784,-1.0220939617037126,-0.6274736581915814,0.33476838274364273,-0.3884925417344144,0.1452439029425353,1
RES_NOR_0249,-0.6892087043478885,-0.5885181537415918,-0.40970247089562145,0.3622026388217661,-0.02131079937205699,-0.5787996242110907,0.640152629477363,-0.11396057645963784,-0.2375871072480763,1.3574069311834334,-1.3048454131190885,0.06324297191025381,0.12550878756090306,1
RES_NOR_0255,-0.5039156619291902,-0.5613319727003045,-0.1385301756926149,0.6607776364206459,-0.534191583946622,-0.57502359379563,-0.4777504300818257,-0.11396057645963784,-0.8219253064224398,0.03578086405359058,0.5131809601576306,-1.2919635690237508,0.15928401958964167,1
RES_NOR_0261,-0.4652321726455876,-0.5280376234127245,-0.07710585389328563,0.6576493768416123,-0.9176606974711415,-0.423401449420976,-0.415706729122783,-0.11396057645963784,-0.9325253723612125,0.8375300030596796,-0.6628126525983208,-0.3884925417344144,0.1525893601250522,1
RES_NOR_0267,-0.8047872452461001,-0.7516796665963613,-0.2554433793447671,0.5054074106619738,-0.28920219718147633,-0.8120421183353189,-0.6324235028082463,-0.11396057645963784,-0.7746526988249263,0.6153296303470245,-0.3027113341022947,-0.3884925417344144,0.146303147138792,1
RES_NOR_0275,-0.586118076656846,-0.5971910038024627,-0.24317347827888477,0.5658870958566248,-0.8934056344937213,-0.6014558067038552,-0.3486355195964202,-0.11396057645963784,-0.5890170923218102,-0.07269814894234229,-1.796721693422711,1.4184495128442585,0.13767407472245125,1
RES_NOR_0295,-0.6312560745690378,-0.6423047778495592,-0.22463146315188365,0.5585878235055461,-0.6661800121514676,-0.6171408561219228,-0.5073181670511943,-0.11396057645963784,-0.5910391403134957,-0.8832549372785777,0.7347938404068229,-0.8402280553790826,0.14982416556973605,1
RES_NOR_0297,-0.7650074333495424,-0.7426140797635566,-0.13121063105270053,0.5384279284406626,-1.0937100300827032,-0.8071042324074088,-0.8900528050262703,-0.11396057645963784,-0.5322074429311362,1.1905916342400171,-1.4178239442678324,-0.3884925417344144,0.1199335977347663,1
RES_NOR_0299,-0.5375386421980274,-0.35537750713265315,-0.18373179293227557,0.4119072076886343,-1.147677051729336,-0.2793313658772435,1.2730178965335868,-0.11396057645963784,-1.0366056411321865,1.1390789787261795,-0.8982099517451716,1.4184495128442585,0.09204778869320068,1
RES_OUE_0006,-0.38520788231453107,-0.4783968585049917,-1.3383120260555648,0.6069020547817328,1.1476863223390945,-0.40887825551535795,-0.4219961196091965,-0.11396057645963784,-0.5850431649567764,-0.7201692321757944,1.036147596341044,0.514978485554922,0.09322183245654914,1
RES_OUE_0020,-0.7985650698864816,-0.7447469328882779,-0.1258238452188976,0.5001936446969177,-1.0644765838480714,-0.7940333578923523,-0.5457815152036782,-0.11396057645963784,-0.556031932756616,-0.2665750147076825,0.010517942070793642,-0.8402280553790826,0.13914452999840143,1
RES_OUE_0036,-0.5316649667418647,-0.6255717223881044,-0.19661269516912216,0.7063111925154691,-0.08896205419940859,-0.6464777078112716,-0.8370330241604986,-0.11396057645963784,-0.43916647009251525,-0.09410512372849435,-0.01488391567764669,-0.3884925417344144,0.1622208594904797,1
RES_OUE_0043,-0.4771537735096407,-0.5517470919606103,0.1327044665686566,0.623238521472242,-1.1608652399881756,-0.5300016926882135,-0.5232262940662478,-0.11396057645963784,-0.34249442663071444,0.5218850392097989,-1.693410009633664,0.06324297191025381,0.1391407859113547,1
RES_OUE_0068,-0.7292063286841062,-0.723152965095236,-0.20588993743844697,0.5380803440429921,-0.4642554462490172,-0.7783483084742847,-0.8496014666783617,-0.11396057645963784,-0.5954131819501648,0.12124159885296275,-1.0279878797736584,0.514978485554922,0.14669490871904622,1
RES_OUE_0074,-0.6180130782377143,-0.638070498994298,-0.0899618173068257,0.607944807974744,-1.0206175526458086,-0.6610009017168897,-0.544192850424558,-0.11396057645963784,-1.0604641419784868,1.0029284687245754,0.28443895247243073,-0.3884925417344144,0.15562396063611406,1
RES_OUE_0080,-0.4607161947299719,-0.5296596363237243,-0.3391879480017521,0.7153483868548999,-0.10913638419282526,-0.5363918980066856,-0.4445132545660455,-0.11396057645963784,-0.9528496409154817,-0.1243624811691349,0.6952347863016429,-0.3884925417344144,0.16136752328078235,1
RES_OUE_0081,-0.6051113213951914,-0.6041423773060125,-0.27339933212411033,0.5843090689331563,-0.12041331663499089,-0.6810429093066429,-0.2964831930637621,-0.11396057645963784,-0.6398888371913737,0.15297582319798747,-0.750284118294683,0.9667139991995902,0.16097014902812423,1
RES_OUE_0082,-0.5371538402212949,-0.5888204446187496,-0.23032998427699422,0.5297383184989024,-0.37333325865819195,-0.5500437002779667,-0.5325839792418602,-0.11396057645963784,-0.7028302471784152,0.16588797050223597,-0.37239654355362894,0.06324297191025381,0.17311731851289802,1
RES_OUE_0087,-0.638131687247636,-0.6641369480109263,-0.35148278789093906,0.4911564503574871,-0.36350815096821915,-0.7170604301925759,-0.6937247887592404,-0.11396057645963784,-0.39890952578271954,-0.3312698317398903,-0.7153384193711871,0.06324297191025381,0.15750875342523096,1
RES_OUE_0095,-0.616074547524741,-0.6149185606342702,-0.3826313781984348,0.6256716122559348,-0.03770128186581084,-0.6092983314128889,-0.3293786677224105,-0.11396057645963784,-1.323098976529312,0.7730840638578361,-0.7050125496337699,0.514978485554922,0.14240988765144402,1
RES_OUE_0104,-0.3546560574448989,-0.5194350851769349,-0.2246439325635384,0.5954317696586093,-0.7601536373126174,-0.5114120044890224,-0.7360281869064037,-0.11396057645963784,-1.0420444475980162,1.0221013219062376,0.15104520760843201,-0.8402280553790826,0.14249788926223778,1
RES_OUE_0107,-0.7728922436652318,-0.7473229617765744,-0.23675173127793908,0.4703013864972627,-0.6316506138236909,-0.8178513958975662,-0.9104104110821959,-0.11396057645963784,-0.7432085345150092,0.28505579534126946,0.9362618193347955,0.514978485554922,0.1324025993175762,1
RES_OUE_0111,-0.3600505455338098,-0.4927209062023208,0.2532712078349381,0.7886886947633557,-1.3628221026527498,-0.4527383011103248,-0.5808256795155795,-0.11396057645963784,-0.8887467952401661,-0.004880012941955848,1.5283792035433383,0.514978485554922,0.11143177047167202,1
RES_OUE_0114,-0.6925630159186514,-0.7029705396841269,0.05420952021730135,0.6517404420812154,-1.8928359272854272,-0.7568539814939699,-0.8182585791108692,-0.11396057645963784,-0.5038185736035323,0.42001761419378947,0.2209364771690667,-0.3884925417344144,0.11888339892283178,1
RES_OUE_0115,-0.7248210382322863,-0.6962601002469534,-0.24718862883093154,0.5387755128383329,-1.1957732750599364,-0.7333264073668684,-0.46925703055974977,-0.11396057645963784,-0.9862029763389073,0.7347698098912226,0.7301650782761042,0.514978485554922,0.14505747780662842,1
RES_OUE_0117,-0.5917666792586934,-0.639354541704244,-0.16292034488455104,0.6861512974505857,-0.739896783241315,-0.6374733275897883,-0.6956637392885701,-0.11396057645963784,-0.8386888960269765,0.2699130501999041,-0.3213078869011505,-0.3884925417344144,0.1652971661500856,1
RES_OUE_0125,-0.7922267278923778,-0.7305677604508628,-0.16835700836496245,0.5985600292376431,-1.451630250158311,-0.7963570689172513,-0.29698897764289367,-0.11396057645963784,-0.5966715528171055,0.12964332965944245,0.209368797232301,-0.8402280553790826,0.13766585593864566,1
RES_OUE_0126,-0.5593053653347092,-0.6216423987891169,-0.10854124066878351,0.6600824676253051,-0.2899717075860402,-0.6418302857614736,-0.6937565720717502,-0.11396057645963784,-0.650288998731342,1.2038785763938928,-0.9003606422593046,0.514978485554922,0.15939143814345208,1
RES_OUE_0142,-0.7721662021996987,-0.7204361559865585,-0.19507895753588428,0.6138537427351409,-0.8000374085911746,-0.7824148027678578,-0.3669292004236305,-0.11396057645963784,-0.8494892444929933,-0.4797511930858826,0.3222722282085944,-1.2919635690237508,0.14168680378132414,1
RES_OUE_0147,-0.5440004112412717,-0.599455777366479,-0.4861150255010426,0.6500025200928633,1.4943555879783534,-0.599713023435181,-0.5841991327060313,-0.11396057645963784,-0.8895550157439216,0.2150201165445051,0.9925826326588542,0.514978485554922,0.13918163120372568,1
RES_OUE_0180,-0.6488916217668365,-0.6850544346200818,-0.22456911609362218,0.5777049653774186,-0.4962247869997249,-0.71386532753334,-0.8595117973421157,-0.11396057645963784,-0.3346296933670637,0.2244289281516185,-1.4386442007784077,-1.2919635690237508,0.12981600683043698,1
RES_OUE_0182,-0.6548742034428291,-0.6650981173264047,-0.3104334847314991,0.5655395114589543,-0.30738246287658516,-0.6839475480877665,-0.6032297681736941,-0.11396057645963784,-0.9754721925947442,0.4136345981836127,0.9250588759099995,0.514978485554922,0.16013806868073366,1
RES_OUE_0192,-0.5399127977903205,-0.5783483208826921,0.14597192056672492,0.7320324379430794,-1.3721267946797135,-0.5555625139621017,-0.43839829612323233,-0.11396057645963784,-0.6272891029486172,0.12058599589632553,-0.637245676666823,1.8701850264889266,0.12939057082972777,1
RES_OUE_0238,-0.564039155689985,-0.5831455063232793,-0.23784903950334418,0.5307810716919136,-0.3265117013809409,-0.4989220577301907,-0.35257801205596306,-0.11396057645963784,-1.1177057497192675,-0.7567818248970437,-1.4248733493873373,0.9667139991995902,0.13447329682564396,1
RES_OUE_0239,-0.7334536712574747,-0.7213240998709122,-0.3478043114535035,0.4689110489065811,-0.13686766060285507,-0.7603395480313182,-0.7869810183117422,-0.11396057645963784,-0.5546784947474123,0.12491330824198318,-0.7033184408448345,1.8701850264889266,0.1259262284934431,1
RES_OUE_0240,-0.4173569984083361,-0.5168592629424141,-0.12386614758948519,0.8060679146468762,-0.5903607905646938,-0.4396674265952686,-0.5282166333329092,-0.11396057645963784,-0.9598658103579671,0.5968419632106231,0.776944805272407,-0.3884925417344144,0.15165176777168093,1
RES_OUE_0259,-0.7415127315248919,-0.7153410887064444,-0.38187074408764277,0.46404486733919537,0.16248932123282478,-0.7574349092501945,-0.61738571060844,-0.11396057645963784,-0.7867472286409247,0.32387341895825733,0.3004076013641798,-0.3884925417344144,0.15576609431985328,1
RES_OUE_0266,-0.7703438381212107,-0.7113695200016747,-0.17277118008988382,0.5196583709664605,-0.30039531016944615,-0.7768959890837229,-0.2076685719519486,-0.11396057645963784,-0.85424614676261,1.0512115047334853,-2.099360175059976,1.4184495128442585,0.10637558081616016,1
RES_SUD_0007,-0.7909706761570054,-0.7419552886938958,-0.256079319339036,0.5408610192243555,0.48924543933144343,-0.816108612628892,-0.5856126196742492,-0.11396057645963784,-0.33968488177197076,0.3853077374211983,-1.882237537178404,0.514978485554922,0.12163003129425642,1
RES_SUD_0017,-0.8008738817468768,-0.7126964775199759,-0.34645761499505257,0.49567504752720254,0.5836970370278193,-0.7673106811060149,0.3110983434684426,-0.11396057645963784,-0.12102375056176154,1.2439202418808148,-0.9079149407837361,0.514978485554922,0.11566695077230604,1
RES_SUD_0019,-0.39214157831037205,-0.5120992995726142,-0.3041863094936909,0.8310939912791455,-0.158641849861397,-0.5114120044890222,-0.5854692866218338,-0.11396057645963784,-0.056963247470022516,-0.11202903869987096,-1.8507284440026581,-0.3884925417344144,0.13075230026045032,1
RES_SUD_0021,-0.4377369823458496,-0.5283655516614797,-0.2682494651117037,0.8251850565187486,-0.04819339493261118,-0.45564293989144844,-0.5243091966218805,-0.11396057645963784,-0.40587157950381847,-0.017085310234026457,-1.3054852872472187,-0.3884925417344144,0.1532577655373346,1
RES_SUD_0022,-0.43842672173810604,-0.5557257944284846,-0.32098260698936365,0.6517404420812153,-0.65763241548901,-0.5799614797235401,-0.6891837801288804,-0.11396057645963784,-0.6610318295731406,1.0772231881260153,1.0771851358711422,0.514978485554922,0.15336687704542162,1
RES_SUD_0025,-0.7925970090397996,-0.7248225888988653,-0.33752951625199146,0.49915089150390657,0.623484021760618,-0.7676011449841273,-0.15368291534377526,-0.11396057645963784,-1.063279689550631,0.7070579282293555,0.11348157931914908,0.514978485554922,0.12974891533196586,1
RES_SUD_0029,-0.428901057710312,-0.5130357228890826,0.011601540601319554,0.9388451545569717,-0.4224519838680261,-0.2999543012232215,-0.4640155705322528,-0.11396057645963784,-0.6253792825448337,0.5351731868339765,1.0175515473050507,-0.3884925417344144,0.13419635264458313,1
RES_SUD_0033,-0.7121298334147679,-0.6916484186763053,-0.3463703291134871,0.5519837199498084,-0.16220344065098843,-0.7495923845411607,-0.5154503958166496,-0.11396057645963784,-0.6611149724912333,-0.043187199567903026,1.122493099231894,-2.1954345963130875,0.12217813021108109,1
RES_SUD_0035,-0.6377904477588355,-0.6537700395923686,-0.4402774682671109,0.5683201866403176,0.5131376410216781,-0.6917900727968003,-0.5865262199566743,-0.11396057645963784,-0.38256050169190153,1.2384623573388238,-1.1828647086210613,1.4184495128442585,0.13760631129711026,1
RES_SUD_0052,-0.7464788551491383,-0.7257367667612911,-0.3609221325117448,0.5109687610247005,0.2623666150813927,-0.7609204757875428,-0.7489610474935954,-0.11396057645963784,-0.5623967658351803,0.12267889752709758,1.0883353462083192,0.06324297191025381,0.14445609754760036,1
RES_SUD_0057,-0.4092108131650548,-0.5863255312103206,-0.08191904679108061,0.634361222197695,-0.9533282875106509,-0.5863516850420122,-0.9566328217707076,-0.11396057645963784,-0.7912817758446196,2.3623763399684163,0.00908355119474205,1.4184495128442585,0.10293041471958525,1
RES_SUD_0060,-0.6510116628461929,-0.6782817564452375,-0.6191511784196457,0.5158349425920861,0.9264553985195442,-0.7051514111899692,-0.7733331484032185,-0.11396057645963784,-0.6681510719242945,0.3629308243139546,-0.4532951247063459,0.514978485554922,0.14804392709179331,1
RES_SUD_0064,-0.5468900562740935,-0.6367447359622299,-0.39773183570939524,0.41329754527931584,-0.39138138067882583,-0.6615818294731144,-0.8664596431243434,-0.11396057645963784,-0.7286841755629367,0.12578400183388658,0.8191155120716551,0.514978485554922,0.15033369996464224,1
RES_SUD_0091,-0.7647896209098826,-0.7146753537028487,-0.2557052369894657,0.5571974859148645,0.05382010389361087,-0.7684725366184645,-0.34832302075542415,-0.11396057645963784,-0.38455316140428686,0.3020436976576892,-1.8328926960704772,1.4184495128442585,0.12815138483902067,1
RES_SUD_0097,-0.6200387339265517,-0.64377848427391,-0.2432482947487989,0.6190675087001971,-0.4971689184112107,-0.6566439435452043,-0.5888264651792622,-0.11396057645963784,-0.701353373596872,0.9814368514707836,-1.5318122672620003,1.4184495128442585,0.14057700276056673,1
RES_SUD_0099,-0.3981459412303307,-0.5426506436152237,-0.4407138976749433,0.6586921300346236,-0.020057949230878797,-0.5189640653199438,-0.7382853434167925,-0.11396057645963784,-0.5947067967678253,0.8715541910753213,0.27887005209164717,-0.3884925417344144,0.16143045167235986,1
RES_SUD_0106,-0.47626800292169047,-0.5254440194035118,0.2216612492963081,0.7525399174056334,-1.2866602289523912,-0.5163498904169325,-0.35191967812757463,-0.11396057645963784,-0.6026984568002249,-0.2622362180965523,0.6656550289418739,-1.2919635690237508,0.1395533391673608,1
RES_SUD_0108,-0.3822819352084327,-0.5241779340714326,-0.11524978413773124,0.6663389867833724,-1.0089678149424985,-0.5358109702504608,-0.6826690053640417,-0.11396057645963784,-0.917020520693354,-0.35157927519731036,1.963143050198407,0.514978485554922,0.11703045773533166,1
RES_SUD_0113,-0.36302005512784014,-0.5018922757094888,-0.5418408261752635,0.6472218449115,0.8051990332864926,-0.50008391324264,-0.620200845760287,-0.11396057645963784,-0.909835282662331,0.19204388815524578,1.0297494344234788,-1.2919635690237508,0.132740969924716,1
RES_SUD_0128,-0.518988282753657,-0.61764113761644,-0.1910762763954911,0.6329708846070135,-0.43803198766547785,-0.6281784834901927,-0.8243668542911148,-0.11396057645963784,-0.7870461192805708,1.3322424566766433,-0.4006413202621049,0.06324297191025381,0.15510768894945737,1
RES_SUD_0148,-0.7086666156241753,-0.3316054045562122,-0.21762365380328005,0.9847262950494656,2.7064787080122032,-0.4135256775651557,4.550947551923279,-0.11396057645963784,-0.8030052640238261,0.9152878108074218,-1.2528698800424642,1.8701850264889266,-0.03189602828037963,-1
RES_SUD_0151,-0.6738964898397958,-0.663925061889658,-0.14713406973271348,0.6500025200928633,-0.6105772076701643,-0.6967279587247104,-0.4577000383218229,-0.11396057645963784,-0.9901416622041487,-1.3073124617730638,-1.077924049696531,-1.2919635690237508,0.1060637709197092,1
RES_SUD_0155,-0.40693830337793635,-0.4672609819669817,-0.5612307612946202,0.8529918083323812,0.6144601652729115,-0.4483813429386393,-0.279225196356936,-0.11396057645963784,-1.2113004477178102,-0.09345374210863767,0.714027417440585,-1.2919635690237508,0.11411152474130454,1
RES_SUD_0158,-0.4928290087505001,-0.6099469731729746,-0.1875474328978856,0.6298426250279796,-0.40066109869949734,-0.6336972971743275,-0.860534512021686,-0.11396057645963784,-0.5481703425757787,-0.4193778172789786,0.9577032435241503,-0.3884925417344144,0.1562630984862593,1
RES_SUD_0166,-0.4622771838808678,-0.5728741655908244,0.07543245884954941,0.711177374082855,-0.810120189420903,-0.5006648409988649,-0.7165734107900454,-0.11396057645963784,-0.7327740839818416,-0.17173753934922664,0.014440911736170325,-0.3884925417344144,0.16128522230537157,1
RES_SUD_0178,-0.5238818022313502,-0.5935596353905759,-0.2777137485558112,0.6833706222692225,-0.9229844748968064,-0.6354400804430016,-0.6267572613028746,-0.11396057645963784,-0.3416035108724704,1.3951275943129928,-0.9478897585595164,-0.3884925417344144,0.14978999401251125,1
RES_SUD_0181,-0.7942015606786277,-0.7379884090802143,-0.14439079916920286,0.5172252801827677,-1.3515831396211386,-0.8100088711885324,-0.44442781355173894,-0.11396057645963784,-0.7371038381315126,-0.45311449617875754,-0.18310409222249258,0.514978485554922,0.1401861553335263,1
RES_SUD_0189,-0.4870932811727888,-0.5480750878795889,0.5786230966672828,0.8561200679114148,-1.851504939962636,-0.4539001566227743,-0.45771632562464093,-0.11396057645963784,-0.6103607542310537,-0.4125702975336079,1.486012414379877,-1.2919635690237508,0.08671945950902749,1
RES_SUD_0195,-0.6067666959366069,-0.634141966795256,-0.2792350167773952,0.5492030447684452,-0.8092429750766096,-0.6598390462044402,-0.5698666977967324,-0.11396057645963784,-0.7311571790982008,0.48990322132777253,0.08251335776992896,-1.2919635690237508,0.15910576018879052,1
RES_SUD_0196,-0.7781778255343126,-0.7355549002713729,-0.14704678385114725,0.5662346802542951,-0.3551022341071708,-0.7751532058150488,-0.6063804666319588,-0.11396057645963784,-0.6405966128380388,-0.4217405469696981,-0.13154373729571983,-0.3884925417344144,0.15282985531282273,1
RES_SUD_0209,-0.7894169474207648,-0.7370700156353908,-0.20487991509460848,0.5672774334473063,-0.7357872155166804,-0.7931619662580153,-0.4926665002631529,-0.11396057645963784,-0.788970800877262,0.08411832076761308,-0.317184001987886,-1.2919635690237508,0.14396621056737646,1
RES_SUD_0216,-0.6132429858091619,-0.6265049060505394,-0.5872544234130097,0.5366900064523106,0.5992685010848732,-0.6034890538506418,-0.4595969387936249,-0.11396057645963784,-1.2426092755938745,-0.7709908082752063,0.39496847972895,-0.3884925417344144,0.13362804592277816,1
RES_SUD_0236,-0.736248930899777,-0.7024434221197271,-0.32801535516127106,0.4998460602992474,0.07832334427504045,-0.7417498598321269,-0.45522180667868817,-0.11396057645963784,-0.7823251737267821,-0.5784317795192097,-0.5983751686009064,0.9667139991995902,0.14672915099465667,1
RES_SUD_0250,-0.705283262394791,-0.6791544468321049,-0.3439637326645879,0.5074929170479964,0.19270453532898146,-0.6676815709134741,-0.3987135345580051,-0.11396057645963784,-0.2613437586947717,0.9628990714642551,-0.5202216449648933,0.514978485554922,0.1585335421351683,1
RES_SUD_0253,-0.6819482896925576,-0.6534011897711337,-0.35024831613735796,0.6934505698016642,0.5562869846759384,-0.6865617229907778,-0.2633156843623432,-0.11396057645963784,-0.8188624063705182,-0.6680121784964898,-0.049587052122137834,-1.2919635690237508,0.14019308455441926,1
RES_SUD_0264,-0.45777572679456274,-0.5575735273446755,-0.3734912994572856,0.5210487085571422,0.4548440543226899,-0.46232360908803277,-0.6342469830242716,-0.11396057645963784,-0.5281806060171503,0.6938001899499779,-0.37506141695665773,-0.3884925417344144,0.15932698231522063,1
RES_SUD_0277,-0.5484655662543002,-0.6160101637321387,-0.1526954273296496,0.6371418973790582,-0.8811951470128385,-0.5779282325767536,-0.695442162803349,-0.11396057645963784,-0.7132921349418169,0.8241435669305927,0.0688594981483224,-0.3884925417344144,0.16823964494643168,1
RES_SUD_0278,-0.520171730342476,-0.5577122360840746,-0.689665701313518,0.5811808093541228,1.44684532825639,-0.47829912238421285,-0.3773681063507295,-0.11396057645963784,-0.9008548093187444,0.09600988816254481,0.21583901725154694,1.4184495128442585,0.12383656159685924,1
